Question,Original 0.0,Original 0.6,Original 0.8,Original 1.0,Final 0.0,Final 0.166667,Final 0.333333,Final 0.5,Final 0.666667,Final 0.833333,Final 1.0,Original 0.5,Original 0.25
IPC033-231 v1,1,2.0,17,45,1,1.0,10,4.0,15.0,11.0,23.0,,
IPC033-232 v1,12,,2,51,6,,31,,14.0,1.0,13.0,,
IPC033-233 v1,20,,4,39,8,,56,,1.0,,,2.0,
IPC033-234 v1,40,1.0,5,17,6,1.0,57,,,,1.0,1.0,1.0
IPC033-235 v1,53,,1,10,28,,36,,1.0,,,,1.0
IPC033-236 v1,47,,4,13,11,3.0,48,,1.0,,2.0,1.0,
IPC033-246 v1,56,,4,5,33,2.0,29,,,,1.0,,
IPC033-253 v1,32,,5,27,10,,53,,1.0,,1.0,,1.0
Total,261.0,3.0,42.0,207.0,103.0,7.0,320.0,4.0,33.0,12.0,41.0,4.0,3.0
