Question,Original 0.0,Original 0.6,Original 0.8,Original 1.0,Final 0.0,Final 0.333333,Final 0.666667,Final 1.0,Original 0.5,Original 0.25
IPC033-231 v1,1,2.0,17,45,6,25,11.0,23.0,,
IPC033-232 v1,12,,2,51,6,45,1.0,13.0,,
IPC033-233 v1,20,,4,39,8,57,,,2.0,
IPC033-234 v1,40,1.0,5,17,7,57,,1.0,1.0,1.0
IPC033-235 v1,53,,1,10,28,37,,,,1.0
IPC033-236 v1,47,,4,13,14,49,,2.0,1.0,
IPC033-246 v1,56,,4,5,35,29,,1.0,,
IPC033-253 v1,32,,5,27,10,54,,1.0,,1.0
Total,261.0,3.0,42.0,207.0,114.0,353.0,12.0,41.0,4.0,3.0
