Question,Original 0.0,Original 0.5,Original 0.6,Original 1.0,Final 0.0,Final 0.333333,Final 1.0,Original 0.8,Final 0.666667,Original 0.3
IPC033-289 v1,171,50.0,1.0,25,231,1.0,15,,,
IPC033-290 v1,121,,,129,140,,108,2.0,4.0,
IPC033-291 v1,185,34.0,,25,147,82.0,24,2.0,,7.0
IPC033-292 v1,34,,,178,32,3.0,187,42.0,32.0,
IPC033-293 v1,41,,,170,40,2.0,181,43.0,31.0,
IPC033-294 v1,81,,1.0,141,59,23.0,150,31.0,22.0,
IPC033-295 v1,52,,,202,33,,204,,17.0,
IPC033-309 v1,205,,,32,205,3.0,31,2.0,,
Total,890.0,84.0,2.0,902.0,887.0,114.0,900.0,122.0,106.0,7.0
