Question,Original 0.0,Original 0.5,Original 0.6,Original 1.0,Final 0.0,Final 0.166667,Final 0.333333,Original 0.8,Final 0.666667,Final 1.0,Original 0.3,Final 0.833333
IPC033-289 v1,171,50.0,1.0,25,52.0,15.0,180,,,,,
IPC033-290 v1,121,,,129,14.0,2.0,232,2.0,2.0,2.0,,
IPC033-291 v1,185,34.0,,25,39.0,3.0,211,2.0,,,7.0,
IPC033-292 v1,34,,,178,4.0,3.0,247,42.0,,,,
IPC033-293 v1,41,,,170,3.0,,114,43.0,110.0,26.0,,1.0
IPC033-294 v1,81,,1.0,141,6.0,,138,31.0,44.0,66.0,,
IPC033-295 v1,52,,,202,,,62,,30.0,159.0,,3.0
IPC033-309 v1,205,,,32,77.0,11.0,151,2.0,,,,
Total,890.0,84.0,2.0,902.0,195.0,34.0,1335.0,122.0,186.0,253.0,7.0,4.0
