Question,Original 0.0,Original 0.5,Original 0.6,Original 1.0,Final 0.0,Final 0.111111,Final 0.333333,Final 1.0,Original 0.8,Final 0.777778,Final 0.888889,Original 0.3,Final 0.222222,Final 0.666667
IPC033-289 v1,171,50.0,1.0,25,67.0,164,1.0,15,,,,,,
IPC033-290 v1,121,,,129,15.0,124,,108,2.0,4.0,1.0,,,
IPC033-291 v1,185,34.0,,25,40.0,105,82.0,24,2.0,,,7.0,2.0,
IPC033-292 v1,34,,,178,6.0,25,3.0,187,42.0,32.0,,,,1.0
IPC033-293 v1,41,,,170,3.0,36,2.0,181,43.0,31.0,1.0,,,
IPC033-294 v1,81,,1.0,141,6.0,53,23.0,150,31.0,22.0,,,,
IPC033-295 v1,52,,,202,,30,,204,,17.0,3.0,,,
IPC033-309 v1,205,,,32,88.0,117,3.0,31,2.0,,,,,
Total,890.0,84.0,2.0,902.0,225.0,654.0,114.0,900.0,122.0,106.0,5.0,7.0,2.0,1.0
