Question,Original 0.0,Original 0.5,Original 0.6,Original 1.0,Final 0.0,Final 0.333333,Final 1.0,Original 0.8,Final 0.666667,Original 0.3
IPC033-289 v1,171,50.0,1.0,25,67,165,15,,,
IPC033-290 v1,121,,,129,15,128,108,2.0,1.0,
IPC033-291 v1,185,34.0,,25,42,187,24,2.0,,7.0
IPC033-292 v1,34,,,178,7,69,178,42.0,,
IPC033-293 v1,41,,,170,4,82,168,43.0,,
IPC033-294 v1,81,,1.0,141,6,108,140,31.0,,
IPC033-295 v1,52,,,202,1,49,202,,2.0,
IPC033-309 v1,205,,,32,88,120,31,2.0,,
Total,890.0,84.0,2.0,902.0,230.0,908.0,866.0,122.0,3.0,7.0
